mean_fit_time	std_fit_time	mean_score_time	std_score_time	param_classifier__C	param_classifier__coef0	param_classifier__degree	param_classifier__gamma	param_classifier__kernel	params	split0_test_score	split1_test_score	split2_test_score	split3_test_score	split4_test_score	mean_test_score	std_test_score	rank_test_score
0.0962651252746582	0.004769908860836544	0.02362227439880371	0.004273884982434341	0.1	0	2	scale	poly	{'classifier__C': 0.1, 'classifier__coef0': 0, 'classifier__degree': 2, 'classifier__gamma': 'scale', 'classifier__kernel': 'poly'}	0.5607602956705386	0.5640380549682875	0.5406553911205074	0.6427817166993514	0.659181518436308	0.5934833953789986	0.04790656576843251	91
0.0730978012084961	0.0037007616763547408	0.018720006942749022	0.0009261418067004521	0.1	0	2	auto	poly	{'classifier__C': 0.1, 'classifier__coef0': 0, 'classifier__degree': 2, 'classifier__gamma': 'auto', 'classifier__kernel': 'poly'}	0.6069904963041183	0.5488372093023256	0.6909513742071881	0.6319850009697648	0.6486434066762925	0.6254814974919378	0.047077252232220916	60
0.050957250595092776	0.0011164435884233857	0.014821815490722656	0.0005616499575905752	0.1	0	2	0.01	poly	{'classifier__C': 0.1, 'classifier__coef0': 0, 'classifier__degree': 2, 'classifier__gamma': 0.01, 'classifier__kernel': 'poly'}	0.37290390707497356	0.4848625792811839	0.4365327695560254	0.6499364265241472	0.5691442363640281	0.5026759837600716	0.09760809460165557	105
0.07372431755065918	0.0024990504411493263	0.019057464599609376	0.0003022565168843852	0.1	0	2	0.1	poly	{'classifier__C': 0.1, 'classifier__coef0': 0, 'classifier__degree': 2, 'classifier__gamma': 0.1, 'classifier__kernel': 'poly'}	0.6711087645195354	0.6146723044397464	0.6989640591966174	0.5861905480249122	0.6572850893261212	0.6456441531013866	0.04030125750638262	29
0.18385887145996094	0.05493143679826061	0.02652850151062012	0.0014868341818343566	0.1	0	2	1	poly	{'classifier__C': 0.1, 'classifier__coef0': 0, 'classifier__degree': 2, 'classifier__gamma': 1, 'classifier__kernel': 'poly'}	0.678247096092925	0.5792177589852009	0.5895348837209302	0.7018727237463095	0.588496433420253	0.6274737791931237	0.051769430012491076	56
0.16224303245544433	0.020070863669779445	0.018632125854492188	0.0006660013863840666	0.1	0	3	scale	poly	{'classifier__C': 0.1, 'classifier__coef0': 0, 'classifier__degree': 3, 'classifier__gamma': 'scale', 'classifier__kernel': 'poly'}	0.5583315733896514	0.5922410147991544	0.6023255813953489	0.5997888067581837	0.727517617395427	0.6160409187475531	0.057924260778743186	76
0.08982906341552735	0.002259543189289266	0.019060611724853516	6.104875204533382e-05	0.1	0	3	auto	poly	{'classifier__C': 0.1, 'classifier__coef0': 0, 'classifier__degree': 3, 'classifier__gamma': 'auto', 'classifier__kernel': 'poly'}	0.5782893347412883	0.5857505285412263	0.6174841437632135	0.620089218369502	0.7292847445208285	0.6261795939872117	0.05416892441206511	57
0.050132226943969724	0.000500008029005694	0.01454753875732422	0.0004547659350634919	0.1	0	3	0.01	poly	{'classifier__C': 0.1, 'classifier__coef0': 0, 'classifier__degree': 3, 'classifier__gamma': 0.01, 'classifier__kernel': 'poly'}	0.7271172122492081	0.5505708245243129	0.7157293868921777	0.587828373165528	0.6201538693618946	0.6402799332386243	0.06991034525757922	32
0.1102682113647461	0.004176127844172816	0.019541454315185548	0.00044825339239199923	0.1	0	3	0.1	poly	{'classifier__C': 0.1, 'classifier__coef0': 0, 'classifier__degree': 3, 'classifier__gamma': 0.1, 'classifier__kernel': 'poly'}	0.5771066525871172	0.5832135306553912	0.6191120507399578	0.5780229726526301	0.7489817468698144	0.6212873907009822	0.06570227851366855	66
0.6498280525207519	0.07262484028062503	0.018294477462768556	0.0007407266076895052	0.1	0	3	1	poly	{'classifier__C': 0.1, 'classifier__coef0': 0, 'classifier__degree': 3, 'classifier__gamma': 1, 'classifier__kernel': 'poly'}	0.5561985216473073	0.5374841437632136	0.6062579281183933	0.6173738766890071	0.6888994246061677	0.6012427789648178	0.05303432895770527	86
0.13213376998901366	0.006307368776697366	0.018699026107788085	0.0003994416404731512	0.1	0	4	scale	poly	{'classifier__C': 0.1, 'classifier__coef0': 0, 'classifier__degree': 4, 'classifier__gamma': 'scale', 'classifier__kernel': 'poly'}	0.5255966209081309	0.5845031712473573	0.5821775898520085	0.5249445078981962	0.7055147296511001	0.5845473239113586	0.06582767184345299	96
0.08773608207702636	0.0033230339316387986	0.019326019287109374	0.0010736081686088777	0.1	0	4	auto	poly	{'classifier__C': 0.1, 'classifier__coef0': 0, 'classifier__degree': 4, 'classifier__gamma': 'auto', 'classifier__kernel': 'poly'}	0.5103695881731785	0.5634249471458774	0.5762790697674419	0.5245566019438398	0.6868521431803979	0.572296470042147	0.06217974102758178	101
0.04945693016052246	0.0003480986568211002	0.015540266036987304	0.000952929594611764	0.1	0	4	0.01	poly	{'classifier__C': 0.1, 'classifier__coef0': 0, 'classifier__degree': 4, 'classifier__gamma': 0.01, 'classifier__kernel': 'poly'}	0.6360084477296726	0.525877378435518	0.5954334038054967	0.6138180721074068	0.568691679417279	0.5879657962990746	0.03810161386921746	95
0.1095339298248291	0.003883805016055253	0.019393014907836913	0.0005407003993139657	0.1	0	4	0.1	poly	{'classifier__C': 0.1, 'classifier__coef0': 0, 'classifier__degree': 4, 'classifier__gamma': 0.1, 'classifier__kernel': 'poly'}	0.5188384371700105	0.5841014799154334	0.570507399577167	0.5241686959894835	0.697304053617223	0.5789840132538635	0.06437372558007878	100
1.139657163619995	0.17067093644754108	0.02003641128540039	0.0006313234188847405	0.1	0	4	1	poly	{'classifier__C': 0.1, 'classifier__coef0': 0, 'classifier__degree': 4, 'classifier__gamma': 1, 'classifier__kernel': 'poly'}	0.578078141499472	0.5547780126849895	0.6607610993657506	0.6001982630433378	0.6854944723401504	0.6158619977867401	0.049535515446986346	77
0.12424507141113281	0.02142475741818319	0.02484583854675293	0.0007729353099628965	0.1	1	2	scale	poly	{'classifier__C': 0.1, 'classifier__coef0': 1, 'classifier__degree': 2, 'classifier__gamma': 'scale', 'classifier__kernel': 'poly'}	0.6964308342133052	0.6339746300211416	0.7129386892177589	0.6790940240932698	0.7012908648147749	0.68474580847205	0.02762163090281857	5
0.08966341018676757	0.0013973289700399264	0.02101788520812988	0.0004528526432878752	0.1	1	2	auto	poly	{'classifier__C': 0.1, 'classifier__coef0': 1, 'classifier__degree': 2, 'classifier__gamma': 'auto', 'classifier__kernel': 'poly'}	0.6672861668426611	0.663784355179704	0.7354334038054968	0.718488028791242	0.6657759196603668	0.6901535748558942	0.030547105780831335	3
0.06766414642333984	0.0009925965227564927	0.018419313430786132	0.0004915985608176793	0.1	1	2	0.01	poly	{'classifier__C': 0.1, 'classifier__coef0': 1, 'classifier__degree': 2, 'classifier__gamma': 0.01, 'classifier__kernel': 'poly'}	0.3834002111932418	0.47763213530655396	0.5916067653276955	0.5910824731159623	0.703122642932569	0.5493688455752045	0.10941301749629097	104
0.09726443290710449	0.0034480743872932237	0.021961450576782227	0.0003657284429080277	0.1	1	2	0.1	poly	{'classifier__C': 0.1, 'classifier__coef0': 1, 'classifier__degree': 2, 'classifier__gamma': 0.1, 'classifier__kernel': 'poly'}	0.7070116156282998	0.6465750528541226	0.5982875264270613	0.6373294830075642	0.7137900566773699	0.6605987469188837	0.04382757272092055	15
0.2111511707305908	0.04674310016862407	0.029172086715698244	0.0019456409921270524	0.1	1	2	1	poly	{'classifier__C': 0.1, 'classifier__coef0': 1, 'classifier__degree': 2, 'classifier__gamma': 1, 'classifier__kernel': 'poly'}	0.7008236536430834	0.6348837209302325	0.7231712473572939	0.6962049867465466	0.7032303945865569	0.6916628006527425	0.02984964997887817	2
0.20834097862243653	0.03136932490042248	0.01929154396057129	0.0007195996397514473	0.1	1	3	scale	poly	{'classifier__C': 0.1, 'classifier__coef0': 1, 'classifier__degree': 3, 'classifier__gamma': 'scale', 'classifier__kernel': 'poly'}	0.6107074973600846	0.6056236786469344	0.6592600422832982	0.6451738034178824	0.7169148546430189	0.6475359752702436	0.04017322466426638	25
0.138504695892334	0.005109560641273205	0.02152085304260254	0.0008962034322082036	0.1	1	3	auto	poly	{'classifier__C': 0.1, 'classifier__coef0': 1, 'classifier__degree': 3, 'classifier__gamma': 'auto', 'classifier__kernel': 'poly'}	0.635881731784583	0.6166384778012685	0.6621353065539112	0.6276102838178566	0.7175829148977436	0.6519697429710726	0.03608027900642803	19
0.06514472961425781	0.0010887772516028555	0.01708693504333496	0.00014307557533231873	0.1	1	3	0.01	poly	{'classifier__C': 0.1, 'classifier__coef0': 1, 'classifier__degree': 3, 'classifier__gamma': 0.01, 'classifier__kernel': 'poly'}	0.6308553326293559	0.6018181818181818	0.5864904862579281	0.7012262138223821	0.7105790573885309	0.6461938543832757	0.0508782422695077	27
0.16665339469909668	0.003628584853182108	0.02066149711608887	0.0005271386711802032	0.1	1	3	0.1	poly	{'classifier__C': 0.1, 'classifier__coef0': 1, 'classifier__degree': 3, 'classifier__gamma': 0.1, 'classifier__kernel': 'poly'}	0.6209926082365365	0.5996194503171248	0.6654756871035941	0.6398077710492855	0.7247591750533371	0.6501309383519756	0.04315519786995593	21
0.7811468124389649	0.1527213211957839	0.018216609954833984	0.00040066370968099637	0.1	1	3	1	poly	{'classifier__C': 0.1, 'classifier__coef0': 1, 'classifier__degree': 3, 'classifier__gamma': 1, 'classifier__kernel': 'poly'}	0.5697571277719112	0.5614376321353065	0.6481183932346722	0.6377604896235156	0.7209232161713682	0.6275993717873548	0.05823524615552837	55
0.17589139938354492	0.012292103341691712	0.01911454200744629	0.000858336731603685	0.1	1	4	scale	poly	{'classifier__C': 0.1, 'classifier__coef0': 1, 'classifier__degree': 4, 'classifier__gamma': 'scale', 'classifier__kernel': 'poly'}	0.563273495248152	0.5650105708245243	0.612938689217759	0.5763851475120143	0.6962911880697369	0.6027798181744373	0.05006300669453045	83
0.16107659339904784	0.010238382201731101	0.020236110687255858	0.0013509565416352136	0.1	1	4	auto	poly	{'classifier__C': 0.1, 'classifier__coef0': 1, 'classifier__degree': 4, 'classifier__gamma': 'auto', 'classifier__kernel': 'poly'}	0.6058711721224921	0.5864270613107823	0.635200845665962	0.6283860957265694	0.6994806370277784	0.6310731623707169	0.038294269382814876	45
0.06884636878967285	0.0030926336112575147	0.018216943740844725	0.0004007347421034539	0.1	1	4	0.01	poly	{'classifier__C': 0.1, 'classifier__coef0': 1, 'classifier__degree': 4, 'classifier__gamma': 0.01, 'classifier__kernel': 'poly'}	0.5793030623020063	0.601014799154334	0.7024735729386893	0.6811413055190397	0.732107837855311	0.659208115553876	0.0590569449686533	16
0.16769256591796874	0.015461323413798422	0.01983785629272461	0.0007199866556696021	0.1	1	4	0.1	poly	{'classifier__C': 0.1, 'classifier__coef0': 1, 'classifier__degree': 4, 'classifier__gamma': 0.1, 'classifier__kernel': 'poly'}	0.587518479408659	0.570338266384778	0.611522198731501	0.6020946921535245	0.6928862358037196	0.6128719744964364	0.042360759579493715	78
1.305185317993164	0.19664921097901208	0.01961827278137207	0.0004902723858617148	0.1	1	4	1	poly	{'classifier__C': 0.1, 'classifier__coef0': 1, 'classifier__degree': 4, 'classifier__gamma': 1, 'classifier__kernel': 'poly'}	0.5925871172122492	0.566892177589852	0.6730021141649049	0.6264034652931922	0.6856237743249358	0.6289017297170268	0.045458577220297204	50
0.15137882232666017	0.02978574286270951	0.025194072723388673	0.0015300196299616365	1	0	2	scale	poly	{'classifier__C': 1, 'classifier__coef0': 0, 'classifier__degree': 2, 'classifier__gamma': 'scale', 'classifier__kernel': 'poly'}	0.6095459345300951	0.5202536997885835	0.5648414376321352	0.6490528629614464	0.6201107687002996	0.592760940722512	0.04524450962835982	92
0.09649906158447266	0.008099708937749283	0.021324300765991212	0.0008780974536475912	1	0	2	auto	poly	{'classifier__C': 1, 'classifier__coef0': 0, 'classifier__degree': 2, 'classifier__gamma': 'auto', 'classifier__kernel': 'poly'}	0.6633790918690602	0.5125581395348838	0.658646934460888	0.6445272934939551	0.6766157360515483	0.6311454390820671	0.06017459624783682	44
0.05338788032531738	0.0007433608828470111	0.015678024291992186	0.00038806496777007906	1	0	2	0.01	poly	{'classifier__C': 1, 'classifier__coef0': 0, 'classifier__degree': 2, 'classifier__gamma': 0.01, 'classifier__kernel': 'poly'}	0.6513833157338966	0.5949471458773784	0.6434038054968289	0.5508480055168846	0.7202120552550481	0.6321588655760073	0.057000983178946564	42
0.11250343322753906	0.01319652771320449	0.02312297821044922	0.0010204969189087528	1	0	2	0.1	poly	{'classifier__C': 1, 'classifier__coef0': 0, 'classifier__degree': 2, 'classifier__gamma': 0.1, 'classifier__kernel': 'poly'}	0.5503062302006336	0.5938054968287527	0.6725369978858351	0.6398293213800832	0.7074327090920846	0.6327821510774778	0.05572122282726783	41
0.3070087432861328	0.10813017585673579	0.034035778045654295	0.0015194649045861574	1	0	2	1	poly	{'classifier__C': 1, 'classifier__coef0': 0, 'classifier__degree': 2, 'classifier__gamma': 1, 'classifier__kernel': 'poly'}	0.5238648363252376	0.5919450317124736	0.627061310782241	0.6569187337025624	0.588086977135099	0.5975753779315227	0.04460051255839349	87
0.20816388130187988	0.032000384768264854	0.01781744956970215	0.000749464947059701	1	0	3	scale	poly	{'classifier__C': 1, 'classifier__coef0': 0, 'classifier__degree': 3, 'classifier__gamma': 'scale', 'classifier__kernel': 'poly'}	0.5681098204857445	0.5879069767441861	0.6028752642706131	0.6050470874727927	0.727927073680581	0.6183732445307835	0.056346110078758664	71
0.1451798439025879	0.011790316911308805	0.018742132186889648	0.0008905474060407221	1	0	3	auto	poly	{'classifier__C': 1, 'classifier__coef0': 0, 'classifier__degree': 3, 'classifier__gamma': 'auto', 'classifier__kernel': 'poly'}	0.560844772967265	0.5907822410147991	0.604122621564482	0.6000905113893498	0.7291123418744477	0.6169904977620687	0.05807187759812794	74
0.04864974021911621	0.0003731628831472234	0.014538764953613281	0.00044996283082745483	1	0	3	0.01	poly	{'classifier__C': 1, 'classifier__coef0': 0, 'classifier__degree': 3, 'classifier__gamma': 0.01, 'classifier__kernel': 'poly'}	0.47210137275607184	0.597399577167019	0.6460465116279069	0.5800918044091976	0.6515096006723703	0.5894297733265133	0.06477040842291296	94
0.16947426795959472	0.027374405259275342	0.018213558197021484	0.0007457712483194489	1	0	3	0.1	poly	{'classifier__C': 1, 'classifier__coef0': 0, 'classifier__degree': 3, 'classifier__gamma': 0.1, 'classifier__kernel': 'poly'}	0.5621541710665259	0.5867019027484144	0.6034883720930233	0.60222399413831	0.7269573087946899	0.6163051497681927	0.05729769586909287	75
4.583759450912476	1.154187142983996	0.018544721603393554	0.0004489385606738008	1	0	3	1	poly	{'classifier__C': 1, 'classifier__coef0': 0, 'classifier__degree': 3, 'classifier__gamma': 1, 'classifier__kernel': 'poly'}	0.5630834213305176	0.5425581395348836	0.631014799154334	0.6267482705859536	0.6780811585457838	0.6082971578302945	0.04917772267973535	80
0.17945575714111328	0.00555505719736869	0.01932358741760254	0.0006036737518816728	1	0	4	scale	poly	{'classifier__C': 1, 'classifier__coef0': 0, 'classifier__degree': 4, 'classifier__gamma': 'scale', 'classifier__kernel': 'poly'}	0.5613093980992607	0.5634672304439746	0.5958562367864694	0.5382195116695041	0.719759498308299	0.5957223750615015	0.06467836191228507	90
0.12195396423339844	0.008264072455462667	0.01892743110656738	0.0006712300452391803	1	0	4	auto	poly	{'classifier__C': 1, 'classifier__coef0': 0, 'classifier__degree': 4, 'classifier__gamma': 'auto', 'classifier__kernel': 'poly'}	0.5219429778247097	0.5811205073995772	0.58	0.5217550589401547	0.6936189470508372	0.5796874982430558	0.06272658664706694	99
0.049166536331176756	0.0010197062633470972	0.014185237884521484	0.0002154133909521128	1	0	4	0.01	poly	{'classifier__C': 1, 'classifier__coef0': 0, 'classifier__degree': 4, 'classifier__gamma': 0.01, 'classifier__kernel': 'poly'}	0.6199366420274551	0.5446088794926004	0.6103805496828753	0.5007865870741116	0.5791220395233068	0.5709669395600698	0.04390444005710768	102
0.13309383392333984	0.008100093962418913	0.018826723098754883	0.00031162871560167426	1	0	4	0.1	poly	{'classifier__C': 1, 'classifier__coef0': 0, 'classifier__degree': 4, 'classifier__gamma': 0.1, 'classifier__kernel': 'poly'}	0.5245828933474129	0.584968287526427	0.5810359408033826	0.5253970648449454	0.7057086826282783	0.5843385738300892	0.0660103780709158	97
4.074839448928833	0.5287272704598754	0.01938037872314453	0.0005253969029560349	1	0	4	1	poly	{'classifier__C': 1, 'classifier__coef0': 0, 'classifier__degree': 4, 'classifier__gamma': 1, 'classifier__kernel': 'poly'}	0.5847729672650475	0.5950951374207187	0.6266596194503171	0.6016205848759778	0.6864857875568391	0.61892681931378	0.03649096000396055	69
0.18398990631103515	0.035221792740399036	0.02802114486694336	0.002232987699599813	1	1	2	scale	poly	{'classifier__C': 1, 'classifier__coef0': 1, 'classifier__degree': 2, 'classifier__gamma': 'scale', 'classifier__kernel': 'poly'}	0.7091657866948258	0.6082875264270613	0.7694291754756872	0.6987694761114583	0.7134452513846088	0.6998194432187282	0.05195714740421201	1
0.1513002872467041	0.01024831774137564	0.0258237361907959	0.0009805723494248622	1	1	2	auto	poly	{'classifier__C': 1, 'classifier__coef0': 1, 'classifier__degree': 2, 'classifier__gamma': 'auto', 'classifier__kernel': 'poly'}	0.6704118268215418	0.6039957716701903	0.6764693446088795	0.6275671831562615	0.7265694028403334	0.6610027058194412	0.0424133586233433	14
0.10189309120178222	0.0034311007018127397	0.022820568084716795	0.0007492458312324675	1	1	2	0.01	poly	{'classifier__C': 1, 'classifier__coef0': 1, 'classifier__degree': 2, 'classifier__gamma': 0.01, 'classifier__kernel': 'poly'}	0.7339176346356916	0.6376109936575053	0.7296194503171247	0.6536430834213305	0.694545611275133	0.689867354661357	0.03894988434391762	4
0.15987205505371094	0.017290035258532118	0.02662367820739746	0.0010204687780191223	1	1	2	0.1	poly	{'classifier__C': 1, 'classifier__coef0': 1, 'classifier__degree': 2, 'classifier__gamma': 0.1, 'classifier__kernel': 'poly'}	0.7031256599788807	0.6386892177589851	0.7460042283298096	0.6603667866301748	0.6678447514169342	0.6832061288229568	0.037629116017869	7
0.3272868156433105	0.12492835744633558	0.03566927909851074	0.002519739439570912	1	1	2	1	poly	{'classifier__C': 1, 'classifier__coef0': 1, 'classifier__degree': 2, 'classifier__gamma': 1, 'classifier__kernel': 'poly'}	0.6350791974656811	0.6416490486257928	0.7692811839323467	0.716289895049889	0.6509492920716333	0.6826497234290685	0.05212599873117839	8
0.318358039855957	0.03920126779114936	0.017815637588500976	0.00040009042715311857	1	1	3	scale	poly	{'classifier__C': 1, 'classifier__coef0': 1, 'classifier__degree': 3, 'classifier__gamma': 'scale', 'classifier__kernel': 'poly'}	0.6111087645195353	0.6026215644820296	0.6753488372093023	0.642242958429412	0.718789733422408	0.6500223716125376	0.04287657755231798	23
0.2865613460540771	0.040409625814149995	0.019831466674804687	0.0009795947584509562	1	1	3	auto	poly	{'classifier__C': 1, 'classifier__coef0': 1, 'classifier__degree': 3, 'classifier__gamma': 'auto', 'classifier__kernel': 'poly'}	0.6253009503695881	0.6001479915433403	0.6715644820295982	0.6243992845290176	0.7166778010042455	0.6476181018951579	0.04155298129254263	24
0.10542263984680175	0.0010943004770921447	0.02242245674133301	0.0004885151794473084	1	1	3	0.01	poly	{'classifier__C': 1, 'classifier__coef0': 1, 'classifier__degree': 3, 'classifier__gamma': 0.01, 'classifier__kernel': 'poly'}	0.6800633579725448	0.6195771670190275	0.729661733615222	0.6904510484235933	0.6672413421546021	0.677398929836998	0.03565218220124086	10
0.2809941291809082	0.04892683961044283	0.018216753005981447	0.0007489928310504045	1	1	3	0.1	poly	{'classifier__C': 1, 'classifier__coef0': 1, 'classifier__degree': 3, 'classifier__gamma': 0.1, 'classifier__kernel': 'poly'}	0.6202956705385427	0.6082241014799153	0.6632135306553911	0.6491390642846367	0.714608969247678	0.6510962672412328	0.03733958057217184	20
4.934946298599243	0.8540021730488228	0.018565988540649413	0.0004569133321122803	1	1	3	1	poly	{'classifier__C': 1, 'classifier__coef0': 1, 'classifier__degree': 3, 'classifier__gamma': 1, 'classifier__kernel': 'poly'}	0.5869060190073919	0.5831501057082452	0.6394503171247358	0.6595478740598668	0.708230071331595	0.635456877446367	0.046873117351801524	38
0.3249202251434326	0.021994732339636794	0.01955122947692871	0.0007740360335284222	1	1	4	scale	poly	{'classifier__C': 1, 'classifier__coef0': 1, 'classifier__degree': 4, 'classifier__gamma': 'scale', 'classifier__kernel': 'poly'}	0.583336853220697	0.5450105708245243	0.6574418604651163	0.6035601146477598	0.7254487856388596	0.6229596369593915	0.0627939689832736	62
0.2197080135345459	0.030305103437463593	0.01861715316772461	0.0008006109802252175	1	1	4	auto	poly	{'classifier__C': 1, 'classifier__coef0': 1, 'classifier__degree': 4, 'classifier__gamma': 'auto', 'classifier__kernel': 'poly'}	0.5957127771911299	0.5852642706131079	0.6189852008456659	0.6129776092063014	0.6995021873585758	0.6224884090429562	0.04033961024740552	64
0.13047971725463867	0.0033038096708269066	0.023825359344482423	0.0007815010791446412	1	1	4	0.01	poly	{'classifier__C': 1, 'classifier__coef0': 1, 'classifier__degree': 4, 'classifier__gamma': 0.01, 'classifier__kernel': 'poly'}	0.7039070749736008	0.5995348837209303	0.6110993657505285	0.6495269702389932	0.7173243109281727	0.6562785211224451	0.04754292271193206	17
0.2298733711242676	0.024300916209740234	0.01857314109802246	0.000551239792217606	1	1	4	0.1	poly	{'classifier__C': 1, 'classifier__coef0': 1, 'classifier__degree': 4, 'classifier__gamma': 0.1, 'classifier__kernel': 'poly'}	0.593621964097149	0.5776321353065539	0.6260676532769556	0.5994440014654225	0.7035967502101157	0.6200725008712393	0.04458383696504369	67
4.84787769317627	0.7604865821677071	0.01921982765197754	0.000979053003323124	1	1	4	1	poly	{'classifier__C': 1, 'classifier__coef0': 1, 'classifier__degree': 4, 'classifier__gamma': 1, 'classifier__kernel': 'poly'}	0.5939809926082364	0.5976955602536997	0.6522198731501058	0.6202831713466802	0.676227830097192	0.6280814854911828	0.03177324040316685	53
0.2544828414916992	0.08046037044958064	0.03462862968444824	0.002815259318658917	10	0	2	scale	poly	{'classifier__C': 10, 'classifier__coef0': 0, 'classifier__degree': 2, 'classifier__gamma': 'scale', 'classifier__kernel': 'poly'}	0.5525448785638859	0.5425158562367864	0.695813953488372	0.6576083442880848	0.6147016356701075	0.6126369336494474	0.059115358377441106	79
0.1658663272857666	0.046866003159444045	0.026384592056274414	0.0014534356943178592	10	0	2	auto	poly	{'classifier__C': 10, 'classifier__coef0': 0, 'classifier__degree': 2, 'classifier__gamma': 'auto', 'classifier__kernel': 'poly'}	0.5196198521647308	0.5283509513742072	0.7812262156448203	0.6248302911449691	0.6650863090748443	0.6238227238807144	0.09638740134871379	61
0.07182884216308594	0.002431998777693601	0.01941790580749512	0.0018564920844453105	10	0	2	0.01	poly	{'classifier__C': 10, 'classifier__coef0': 0, 'classifier__degree': 2, 'classifier__gamma': 0.01, 'classifier__kernel': 'poly'}	0.6710876451953538	0.6147145877378436	0.698985200845666	0.5861905480249122	0.6572850893261212	0.6456526142259793	0.040297689444422274	28
0.18252792358398437	0.054631865259100174	0.02732996940612793	0.0012277590741418978	10	0	2	0.1	poly	{'classifier__C': 10, 'classifier__coef0': 0, 'classifier__degree': 2, 'classifier__gamma': 0.1, 'classifier__kernel': 'poly'}	0.5521647307286166	0.5629175475687104	0.6593446088794926	0.6759045751352283	0.6380406439238842	0.6176744212471864	0.05065920084670278	72
79.13505449295045	13.132112780738572	0.048481082916259764	0.0036004604078126844	10	0	2	1	poly	{'classifier__C': 10, 'classifier__coef0': 0, 'classifier__degree': 2, 'classifier__gamma': 1, 'classifier__kernel': 'poly'}	0.650052798310454	0.5895560253699788	0.6081183932346723	0.6330625175096438	0.6700644354890848	0.6301708339827667	0.028743787509281225	47
0.49483428001403806	0.02579394975445408	0.017706298828125	0.0008113827316355598	10	0	3	scale	poly	{'classifier__C': 10, 'classifier__coef0': 0, 'classifier__degree': 3, 'classifier__gamma': 'scale', 'classifier__kernel': 'poly'}	0.5578458289334741	0.5519873150105707	0.6386892177589851	0.6007801219748724	0.6891795789065362	0.6076964125168878	0.05145187982006982	81
0.19849700927734376	0.03333731762084238	0.01891322135925293	0.0007793858555139619	10	0	3	auto	poly	{'classifier__C': 10, 'classifier__coef0': 0, 'classifier__degree': 3, 'classifier__gamma': 'auto', 'classifier__kernel': 'poly'}	0.5678986272439283	0.5899154334038055	0.6008245243128965	0.6019869404995366	0.7273236644182488	0.617589837975683	0.05621588371623366	73
0.06985740661621094	0.002432662845683041	0.018885278701782228	0.0009358288594045753	10	0	3	0.01	poly	{'classifier__C': 10, 'classifier__coef0': 0, 'classifier__degree': 3, 'classifier__gamma': 0.01, 'classifier__kernel': 'poly'}	0.6363463569165786	0.49539112050739953	0.6272938689217759	0.6265758679395729	0.745124237657048	0.626146290388475	0.07919369825612704	58
0.24305419921875	0.023507242212007628	0.018622112274169923	0.0005853374986708011	10	0	3	0.1	poly	{'classifier__C': 10, 'classifier__coef0': 0, 'classifier__degree': 3, 'classifier__gamma': 0.1, 'classifier__kernel': 'poly'}	0.5673284054910244	0.5803805496828753	0.6233615221987315	0.6052625907807684	0.7188328340840032	0.6190331804474806	0.0535457639153223	68
47.33112459182739	10.893375342467289	0.018654918670654295	0.0005285685719206787	10	0	3	1	poly	{'classifier__C': 10, 'classifier__coef0': 0, 'classifier__degree': 3, 'classifier__gamma': 1, 'classifier__kernel': 'poly'}	0.5599999999999999	0.5379492600422833	0.6650739957716701	0.6583195052044049	0.6889209749369652	0.6220527471910646	0.060928491582597846	65
0.4062214374542236	0.018722133764930954	0.020583486557006835	0.0005474690452630411	10	0	4	scale	poly	{'classifier__C': 10, 'classifier__coef0': 0, 'classifier__degree': 4, 'classifier__gamma': 'scale', 'classifier__kernel': 'poly'}	0.5478352692713833	0.5434672304439746	0.6572938689217759	0.5700924509191215	0.663211430295455	0.5963800499703421	0.05296097960314863	88
0.14818110466003417	0.011282895535098985	0.019153547286987305	0.0006866711936226059	10	0	4	auto	poly	{'classifier__C': 10, 'classifier__coef0': 0, 'classifier__degree': 4, 'classifier__gamma': 'auto', 'classifier__kernel': 'poly'}	0.5444772967265047	0.5799577167019027	0.5864059196617336	0.5252031118677672	0.7127340904682886	0.5897556270852393	0.06549515472878227	93
0.05484509468078613	0.0019187302749891532	0.01645808219909668	0.0015755856499795103	10	0	4	0.01	poly	{'classifier__C': 10, 'classifier__coef0': 0, 'classifier__degree': 4, 'classifier__gamma': 0.01, 'classifier__kernel': 'poly'}	0.48099260823653645	0.5362156448202959	0.6198942917547569	0.5275951985862983	0.6670904898390191	0.5663576466473813	0.06739664012922507	103
0.181471586227417	0.008701092747728697	0.019313526153564454	0.00039937995407999654	10	0	4	0.1	poly	{'classifier__C': 10, 'classifier__coef0': 0, 'classifier__degree': 4, 'classifier__gamma': 0.1, 'classifier__kernel': 'poly'}	0.5616684266103484	0.5664482029598309	0.59384778012685	0.537465250091589	0.7209232161713682	0.5960705751919974	0.06494412932859252	89
13.720363521575928	3.555339130127962	0.018408823013305663	0.0004655296826740854	10	0	4	1	poly	{'classifier__C': 10, 'classifier__coef0': 0, 'classifier__degree': 4, 'classifier__gamma': 1, 'classifier__kernel': 'poly'}	0.5740232312565998	0.6128118393234672	0.653615221987315	0.6233002176583411	0.6654526646984031	0.6258406349848252	0.032254572224415835	59
0.29544267654418943	0.09443848151714752	0.038665390014648436	0.007607660700401277	10	1	2	scale	poly	{'classifier__C': 10, 'classifier__coef0': 1, 'classifier__degree': 2, 'classifier__gamma': 'scale', 'classifier__kernel': 'poly'}	0.6129883843717001	0.5896405919661734	0.8016279069767442	0.6330840678404414	0.6984677714802923	0.6671617445270703	0.07637641816790008	12
0.25941004753112795	0.08465299942069614	0.03185205459594727	0.0024593187677814958	10	1	2	auto	poly	{'classifier__C': 10, 'classifier__coef0': 1, 'classifier__degree': 2, 'classifier__gamma': 'auto', 'classifier__kernel': 'poly'}	0.6888278775079197	0.6054334038054969	0.7218393234672305	0.6959032821153804	0.6949981682218823	0.681400411023582	0.03964010937018935	9
0.19045352935791016	0.010406475670378968	0.02912592887878418	0.0010775205544704715	10	1	2	0.01	poly	{'classifier__C': 10, 'classifier__coef0': 1, 'classifier__degree': 2, 'classifier__gamma': 0.01, 'classifier__kernel': 'poly'}	0.6883843717001056	0.5981606765327695	0.6482875264270613	0.6215546408637372	0.75053337068724	0.6613841172421827	0.05372469537428798	13
0.26747951507568357	0.07307242864160451	0.0323692798614502	0.0022299271303860813	10	1	2	0.1	poly	{'classifier__C': 10, 'classifier__coef0': 1, 'classifier__degree': 2, 'classifier__gamma': 0.1, 'classifier__kernel': 'poly'}	0.6425131995776134	0.6373361522198732	0.6979069767441861	0.6389242074865848	0.7561795573562053	0.6745720186768926	0.046667664850092924	11
121.7016294002533	23.256499511779904	0.04225306510925293	0.002077125623845801	10	1	2	1	poly	{'classifier__C': 10, 'classifier__coef0': 1, 'classifier__degree': 2, 'classifier__gamma': 1, 'classifier__kernel': 'poly'}	0.6741499472016895	0.6256659619450318	0.530169133192389	0.6162317091567355	0.5735836045083292	0.6039600712008351	0.04881841813295935	82
0.9418162345886231	0.10573507092963139	0.01980419158935547	0.002645452030836889	10	1	3	scale	poly	{'classifier__C': 10, 'classifier__coef0': 1, 'classifier__degree': 3, 'classifier__gamma': 'scale', 'classifier__kernel': 'poly'}	0.5869060190073918	0.574122621564482	0.670169133192389	0.644225588862789	0.7153847811563907	0.6381616287566885	0.05244577998629265	34
0.5081569194793701	0.06761726366568954	0.01842670440673828	0.0012111841072827974	10	1	3	auto	poly	{'classifier__C': 10, 'classifier__coef0': 1, 'classifier__degree': 3, 'classifier__gamma': 'auto', 'classifier__kernel': 'poly'}	0.6277507919746568	0.6064270613107822	0.6605708245243129	0.6411007908971402	0.7146305195784755	0.6500959976570735	0.036773970361608906	22
0.3643511772155762	0.01939180762958389	0.02788710594177246	0.0011677068591220573	10	1	3	0.01	poly	{'classifier__C': 10, 'classifier__coef0': 1, 'classifier__degree': 3, 'classifier__gamma': 0.01, 'classifier__kernel': 'poly'}	0.5959662090813094	0.5851797040169133	0.604693446088795	0.6338814300799517	0.7213542227873198	0.6282150024108578	0.04929971189721894	52
0.5240411281585693	0.07163085962386057	0.01812129020690918	0.0006669397493433061	10	1	3	0.1	poly	{'classifier__C': 10, 'classifier__coef0': 1, 'classifier__degree': 3, 'classifier__gamma': 0.1, 'classifier__kernel': 'poly'}	0.6228511087645195	0.5956448202959831	0.6873361522198731	0.6409499385815572	0.7147813718940585	0.6523126783511983	0.04321417237187553	18
49.628137254714964	7.118210329875386	0.01891918182373047	0.0004926245136923831	10	1	3	1	poly	{'classifier__C': 10, 'classifier__coef0': 1, 'classifier__degree': 3, 'classifier__gamma': 1, 'classifier__kernel': 'poly'}	0.5991129883843717	0.5822198731501058	0.6704228329809725	0.6668749865310432	0.6996745900049566	0.64366105421029	0.0450602808421886	30
0.8408794403076172	0.04306392686557608	0.02021055221557617	0.0009913537569512995	10	1	4	scale	poly	{'classifier__C': 10, 'classifier__coef0': 1, 'classifier__degree': 4, 'classifier__gamma': 'scale', 'classifier__kernel': 'poly'}	0.6005279831045407	0.5586892177589853	0.682431289640592	0.6375234359847424	0.6706678447514169	0.6299679542480554	0.04563625341365806	48
0.40945911407470703	0.037576073261407966	0.01881747245788574	0.0004008063916302548	10	1	4	auto	poly	{'classifier__C': 10, 'classifier__coef0': 1, 'classifier__degree': 4, 'classifier__gamma': 'auto', 'classifier__kernel': 'poly'}	0.6113621964097149	0.559830866807611	0.6372304439746299	0.6140551257461803	0.7218067797340689	0.628857082534441	0.05291416977361756	51
0.45653772354125977	0.0389253175904841	0.024511051177978516	0.0013992751788188976	10	1	4	0.01	poly	{'classifier__C': 10, 'classifier__coef0': 1, 'classifier__degree': 4, 'classifier__gamma': 0.01, 'classifier__kernel': 'poly'}	0.6237381203801478	0.6026849894291754	0.6771247357293869	0.6196151110919552	0.7124539361679202	0.647123378559717	0.041101116036286245	26
0.5214033603668213	0.04544051252161791	0.018785667419433594	0.0006994793398312262	10	1	4	0.1	poly	{'classifier__C': 10, 'classifier__coef0': 1, 'classifier__degree': 4, 'classifier__gamma': 0.1, 'classifier__kernel': 'poly'}	0.5955015839493136	0.5608456659619451	0.6723467230443974	0.6217916945025106	0.7295002478288041	0.635997183057394	0.05925124834611689	37
17.586597394943237	2.5649523507009286	0.01820507049560547	0.000924391927543426	10	1	4	1	poly	{'classifier__C': 10, 'classifier__coef0': 1, 'classifier__degree': 4, 'classifier__gamma': 1, 'classifier__kernel': 'poly'}	0.5831467793030624	0.6089429175475687	0.675031712473573	0.6432127233153029	0.6610779475464948	0.6342824160372003	0.03380887334685397	39
0.1439830780029297	0.005097263657135846	0.07605705261230469	0.0054910584924450665	0.1			scale	rbf	{'classifier__C': 0.1, 'classifier__gamma': 'scale', 'classifier__kernel': 'rbf'}	0.6047729672650475	0.5705496828752643	0.6686257928118393	0.5674848608926146	0.7026916363166174	0.6228249880322767	0.0540324122754174	63
0.12481637001037597	0.003909027518552886	0.06832985877990723	0.0021354515835574524	0.1			auto	rbf	{'classifier__C': 0.1, 'classifier__gamma': 'auto', 'classifier__kernel': 'rbf'}	0.5933262935586061	0.6217124735729386	0.6736997885835094	0.6062323556666595	0.7051699243583388	0.6400281671480105	0.04251097064082298	33
0.07993006706237793	0.000517246170391669	0.050225257873535156	0.0004333687233655169	0.1			0.01	rbf	{'classifier__C': 0.1, 'classifier__gamma': 0.01, 'classifier__kernel': 'rbf'}	0.5968532206969377	0.6668076109936575	0.703213530655391	0.6685990129948495	0.5769670064435489	0.642488076356877	0.04761586338713899	31
0.13976707458496093	0.00366640465701841	0.07129716873168945	0.0014176507689958897	0.1			0.1	rbf	{'classifier__C': 0.1, 'classifier__gamma': 0.1, 'classifier__kernel': 'rbf'}	0.6074762407602956	0.5598308668076111	0.6958350951374207	0.6051763894575781	0.7018080727539168	0.6340253329833645	0.05560014597080021	40
0.2088773727416992	0.005794546287455991	0.11746773719787598	0.0009881845796282395	0.1			1	rbf	{'classifier__C': 0.1, 'classifier__gamma': 1, 'classifier__kernel': 'rbf'}	0.6538753959873285	0.5844820295983086	0.66892177589852	0.549296381699459	0.5522056763571321	0.6017562519081496	0.050464460897956254	85
0.1747406005859375	0.004562023157121698	0.07403578758239746	0.0027700132272452504	1			scale	rbf	{'classifier__C': 1, 'classifier__gamma': 'scale', 'classifier__kernel': 'rbf'}	0.5929461457233368	0.5598942917547569	0.6735095137420719	0.574661121048208	0.6910329073551279	0.6184087959247002	0.05347242929899365	70
0.20254812240600586	0.008756835300558008	0.07147688865661621	0.0026102415320484974	1			auto	rbf	{'classifier__C': 1, 'classifier__gamma': 'auto', 'classifier__kernel': 'rbf'}	0.6049841605068638	0.5835940803382663	0.665708245243129	0.6119647436588151	0.7184233777988491	0.6369349215091847	0.04890373996842894	35
0.12279515266418457	0.0013508067311646943	0.06833925247192382	0.000682222548943187	1			0.01	rbf	{'classifier__C': 1, 'classifier__gamma': 0.01, 'classifier__kernel': 'rbf'}	0.6971700105596621	0.6344397463002114	0.6209936575052855	0.7091351852250932	0.7560502553714199	0.6835577709923344	0.049842765016400836	6
0.18849916458129884	0.009448977430604886	0.06900339126586914	0.0019418407943001814	1			0.1	rbf	{'classifier__C': 1, 'classifier__gamma': 0.1, 'classifier__kernel': 'rbf'}	0.6114044350580782	0.5688794926004227	0.6644186046511628	0.5951985862982997	0.7148244725556537	0.6309451182327235	0.05228386960437545	46
0.22319469451904297	0.0015523709275839079	0.12144980430603028	0.0007141372295668712	1			1	rbf	{'classifier__C': 1, 'classifier__gamma': 1, 'classifier__kernel': 'rbf'}	0.6534530095036959	0.583784355179704	0.6706765327695559	0.5511497101480508	0.553843501497748	0.6025814218197508	0.0501972073442671	84
0.19413223266601562	0.009872949380217056	0.0704763412475586	0.001001467260579568	10			scale	rbf	{'classifier__C': 10, 'classifier__gamma': 'scale', 'classifier__kernel': 'rbf'}	0.6083210137275608	0.5683086680761099	0.6787526427061311	0.5845742732150938	0.7096523931642351	0.6299217981778262	0.054882763895922275	49
0.25987396240234373	0.015297829997399945	0.06552138328552246	0.001908908793610778	10			auto	rbf	{'classifier__C': 10, 'classifier__gamma': 'auto', 'classifier__kernel': 'rbf'}	0.606779303062302	0.5701057082452431	0.6629809725158563	0.5998319074197789	0.7168933043122211	0.6313182391110803	0.05228028858302749	43
0.31940560340881347	0.013463985230428613	0.09421858787536622	0.004221867891629415	10			0.01	rbf	{'classifier__C': 10, 'classifier__gamma': 0.01, 'classifier__kernel': 'rbf'}	0.5862090813093981	0.602536997885835	0.6745665961945032	0.6037756179557356	0.7132943990690257	0.6360765384828995	0.049191657974612515	36
0.2265842914581299	0.0130732140458351	0.06681814193725585	0.0019454239768979102	10			0.1	rbf	{'classifier__C': 10, 'classifier__gamma': 0.1, 'classifier__kernel': 'rbf'}	0.6026821541710665	0.5609936575052854	0.6671035940803383	0.5912117751007477	0.7171950089433872	0.627837237960165	0.05651358239605295	54
0.1993936538696289	0.0050177340940618445	0.10239534378051758	0.002542084705758025	10			1	rbf	{'classifier__C': 10, 'classifier__gamma': 1, 'classifier__kernel': 'rbf'}	0.591805702217529	0.5804228329809724	0.644630021141649	0.5417106652587117	0.5479387108592118	0.5813015864916149	0.036883930931159305	98
